{
  "Ansi 5 Color": {
    "Red Component": 0.66990983486175537,
    "Color Space": "sRGB",
    "Blue Component": 0.964813232421875,
    "Alpha Component": 1,
    "Green Component": 0.22523006796836853
  },
  "Tags": [],
  "Ansi 12 Color": {
    "Red Component": 3.9407052554452093e-7,
    "Color Space": "sRGB",
    "Blue Component": 0.99999994039535522,
    "Alpha Component": 1,
    "Green Component": 0.7647058367729187
  },
  "Ansi 0 Color": {
    "Red Component": 0.58039218187332153,
    "Color Space": "sRGB",
    "Blue Component": 0.58039218187332153,
    "Alpha Component": 1,
    "Green Component": 0.58039218187332153
  },
  "Draw Powerline Glyphs": false,
  "Bold Color": {
    "Red Component": 0.80385428667068481,
    "Color Space": "sRGB",
    "Blue Component": 0.91351312398910522,
    "Alpha Component": 1,
    "Green Component": 0.83969485759735107
  },
  "Ansi 7 Color": {
    "Red Component": 0.9999966025352478,
    "Color Space": "sRGB",
    "Blue Component": 0.99999994039535522,
    "Alpha Component": 1,
    "Green Component": 0.99999994039535522
  },
  "Ansi 8 Color": {
    "Red Component": 0.58039218187332153,
    "Color Space": "sRGB",
    "Blue Component": 0.58039218187332153,
    "Alpha Component": 1,
    "Green Component": 0.58039218187332153
  },
  "Ansi 9 Color": {
    "Red Component": 1,
    "Color Space": "sRGB",
    "Blue Component": 0.40784308314323425,
    "Alpha Component": 1,
    "Green Component": 0.20392146706581116
  },
  "Rows": 40,
  "Default Bookmark": "No",
  "Link Color": {
    "Red Component": 0.061600394546985626,
    "Color Space": "sRGB",
    "Blue Component": 0.0010042180074378848,
    "Alpha Component": 1,
    "Green Component": 0.97709912061691284
  },
  "Guid": "845BF5F5-8232-4C6D-9A23-E01AE9FC3AA1",
  "Cursor Guide Color": {
    "Red Component": 0.6607552170753479,
    "Color Space": "sRGB",
    "Blue Component": 0.92999273538589478,
    "Alpha Component": 0.25,
    "Green Component": 0.86385631561279297
  },
  "Non-ASCII Anti Aliased": true,
  "Use Bright Bold": true,
  "Ansi 10 Color": {
    "Red Component": 0.00054244464263319969,
    "Color Space": "sRGB",
    "Blue Component": 0.46274775266647339,
    "Alpha Component": 1,
    "Green Component": 0.97971612215042114
  },
  "Ambiguous Double Width": false,
  "Jobs to Ignore": ["rlogin", "ssh", "slogin", "telnet"],
  "Show Status Bar": true,
  "Ansi 15 Color": {
    "Red Component": 0.9999966025352478,
    "Color Space": "sRGB",
    "Blue Component": 0.99999994039535522,
    "Alpha Component": 1,
    "Green Component": 0.99999994039535522
  },
  "Foreground Color": {
    "Red Component": 0.64961540699005127,
    "Color Space": "sRGB",
    "Blue Component": 0.94934076070785522,
    "Alpha Component": 1,
    "Green Component": 0.84020918607711792
  },
  "Working Directory": "/Users/adhamu",
  "Blinking Cursor": false,
  "Disable Window Resizing": true,
  "Sync Title": false,
  "Prompt Before Closing 2": false,
  "BM Growl": false,
  "Mouse Reporting": true,
  "Command": "",
  "Description": "Default",
  "Screen": -1,
  "Selection Color": {
    "Red Component": 0.28358078002929688,
    "Color Space": "sRGB",
    "Blue Component": 0.55657953023910522,
    "Alpha Component": 1,
    "Green Component": 0.37261277437210083
  },
  "Columns": 120,
  "Idle Code": 0,
  "Ansi 13 Color": {
    "Red Component": 0.66666668653488159,
    "Color Space": "sRGB",
    "Blue Component": 0.96470588445663452,
    "Alpha Component": 1,
    "Green Component": 0.22352941334247589
  },
  "Title Components": 3,
  "Brighten Bold Text": true,
  "Custom Command": "No",
  "ASCII Anti Aliased": true,
  "Non Ascii Font": "Monaco 12",
  "Vertical Spacing": 1.3999999999999999,
  "Use Bold Font": false,
  "Option Key Sends": 0,
  "Selected Text Color": {
    "Red Component": 0.9999966025352478,
    "Color Space": "sRGB",
    "Blue Component": 0.99999994039535522,
    "Alpha Component": 1,
    "Green Component": 0.99999994039535522
  },
  "Background Color": {
    "Red Component": 0.090545974671840668,
    "Color Space": "sRGB",
    "Blue Component": 0.19766229391098022,
    "Alpha Component": 1,
    "Green Component": 0.1293502151966095
  },
  "Character Encoding": 4,
  "Ansi 11 Color": {
    "Red Component": 1,
    "Color Space": "sRGB",
    "Blue Component": 0,
    "Alpha Component": 1,
    "Green Component": 0.89019602537155151
  },
  "Use Italic Font": false,
  "Unlimited Scrollback": true,
  "Keyboard Map": {
    "0xf700-0x260000": {
      "Text": "[1;6A",
      "Action": 10
    },
    "0x37-0x40000": {
      "Text": "0x1f",
      "Action": 11
    },
    "0x32-0x40000": {
      "Text": "0x00",
      "Action": 11
    },
    "0xf709-0x20000": {
      "Text": "[17;2~",
      "Action": 10
    },
    "0xf70c-0x20000": {
      "Text": "[20;2~",
      "Action": 10
    },
    "0xf729-0x20000": {
      "Text": "[1;2H",
      "Action": 10
    },
    "0xf72b-0x40000": {
      "Text": "[1;5F",
      "Action": 10
    },
    "0xf705-0x20000": {
      "Text": "[1;2Q",
      "Action": 10
    },
    "0xf703-0x260000": {
      "Text": "[1;6C",
      "Action": 10
    },
    "0xf700-0x220000": {
      "Text": "[1;2A",
      "Action": 10
    },
    "0xf701-0x280000": {
      "Text": "0x1b 0x1b 0x5b 0x42",
      "Action": 11
    },
    "0x38-0x40000": {
      "Text": "0x7f",
      "Action": 11
    },
    "0x33-0x40000": {
      "Text": "0x1b",
      "Action": 11
    },
    "0xf703-0x220000": {
      "Text": "[1;2C",
      "Action": 10
    },
    "0xf701-0x240000": {
      "Text": "[1;5B",
      "Action": 10
    },
    "0xf70d-0x20000": {
      "Text": "[21;2~",
      "Action": 10
    },
    "0xf702-0x260000": {
      "Text": "[1;6D",
      "Action": 10
    },
    "0xf729-0x40000": {
      "Text": "[1;5H",
      "Action": 10
    },
    "0xf706-0x20000": {
      "Text": "[1;2R",
      "Action": 10
    },
    "0x34-0x40000": {
      "Text": "0x1c",
      "Action": 11
    },
    "0xf700-0x280000": {
      "Text": "0x1b 0x1b 0x5b 0x41",
      "Action": 11
    },
    "0x2d-0x40000": {
      "Text": "0x1f",
      "Action": 11
    },
    "0xf70e-0x20000": {
      "Text": "[23;2~",
      "Action": 10
    },
    "0xf702-0x220000": {
      "Text": "[1;2D",
      "Action": 10
    },
    "0xf703-0x280000": {
      "Text": "f",
      "Action": 10
    },
    "0xf700-0x240000": {
      "Text": "[1;5A",
      "Action": 10
    },
    "0xf707-0x20000": {
      "Text": "[1;2S",
      "Action": 10
    },
    "0xf70a-0x20000": {
      "Text": "[18;2~",
      "Action": 10
    },
    "0x35-0x40000": {
      "Text": "0x1d",
      "Action": 11
    },
    "0xf70f-0x20000": {
      "Text": "[24;2~",
      "Action": 10
    },
    "0xf703-0x240000": {
      "Text": "[1;5C",
      "Action": 10
    },
    "0xf701-0x260000": {
      "Text": "[1;6B",
      "Action": 10
    },
    "0xf702-0x280000": {
      "Text": "b",
      "Action": 10
    },
    "0xf72b-0x20000": {
      "Text": "[1;2F",
      "Action": 10
    },
    "0x36-0x40000": {
      "Text": "0x1e",
      "Action": 11
    },
    "0xf708-0x20000": {
      "Text": "[15;2~",
      "Action": 10
    },
    "0xf701-0x220000": {
      "Text": "[1;2B",
      "Action": 10
    },
    "0xf70b-0x20000": {
      "Text": "[19;2~",
      "Action": 10
    },
    "0xf702-0x240000": {
      "Text": "[1;5D",
      "Action": 10
    },
    "0xf704-0x20000": {
      "Text": "[1;2P",
      "Action": 10
    }
  },
  "Window Type": 0,
  "Blur Radius": 15.957523001269035,
  "Background Image Location": "",
  "Blur": true,
  "Badge Color": {
    "Red Component": 1,
    "Color Space": "sRGB",
    "Blue Component": 0,
    "Alpha Component": 0.5,
    "Green Component": 0.1491314172744751
  },
  "Scrollback Lines": 0,
  "Send Code When Idle": false,
  "Close Sessions On End": true,
  "Terminal Type": "xterm-256color",
  "Visual Bell": true,
  "Flashing Bell": false,
  "Status Bar Layout": {
    "components": [
      {
        "class": "iTermStatusBarCPUUtilizationComponent",